pair,ema_slope,roc,turnover,atr_pct,z_trend,z_liq,z_vol,score
BTC/USDT:USDT,0.0009752138573142499,0.001303893257795341,246429276746.0501,0.003563831126906919,0.6620247015065219,1.0,0.9324643597200071,0.8310272056079366
ETH/USDT:USDT,-0.00043240128978094816,-0.0018381874132535891,197639833178.72406,0.003819677028072496,0.6564864812656552,0.801885183332571,0.9347430309130976,0.7696702292975905
NIGHT/USDT:USDT,0.05568113390105012,0.16395383249482087,160752321.50993,0.029567394862226343,0.9088659426371548,0.0,0.8359369657207371,0.617973915616904
BTW/USDT:USDT,0.02073879281997848,0.2525698914401,2549118345.34598,0.030977937412037786,0.9012834157857321,0.009698218761073853,0.8233740805611907,0.6143305228721994
ZEC/USDT:USDT,0.0007819719045223383,0.006996430826870403,52052415838.57693,0.012880336283279099,0.6660387484752269,0.21071171656354834,0.9845589272531712,0.6090706835962094
HYPE/USDT:USDT,0.012452693082546373,0.05273995580903024,14775181171.87096,0.012893999888976207,0.7273093667174789,0.05934347024050602,0.984437233434533,0.5912015644536506
SOL/USDT:USDT,-0.002483912186760362,-0.011987593260122442,46466550830.372,0.007296883719674411,0.6440723343693655,0.18802970707306427,0.9657124960656664,0.5876695866045504
SOON/USDT:USDT,0.06572886405877476,0.09737076648841358,973976170.0077,0.03776304445019815,0.8790025781432411,0.0033021834617235142,0.7629430637676644,0.5872775811448916
NEAR/USDT:USDT,0.02249345905114697,0.038961038961039085,14751800599.391998,0.01971959106436435,0.7385982597389033,0.05924853089519749,0.923645647889044,0.5810551881233268
SNDK/USDT:USDT,0.002722086193718498,0.0018916167248999027,27533815927.884003,0.008118335970243098,0.6663158693811588,0.11115128768622451,0.9730286952752011,0.5764447013461891
WLD/USDT:USDT,0.02145827713442272,0.04247856586126275,5162213102.9523,0.017555974397487753,0.7390692368763542,0.020308972870688075,0.9429157278443667,0.5744027804166575
SOXL/USDT:USDT,0.0027013913502458298,0.004792222906825572,21557573804.6786,0.014383241883930448,0.6685318518229026,0.08688410966511853,0.9711734179190884,0.5696979206996139
XAU/USDT:USDT,-0.0011658637756344348,-0.006962383095648561,35129478061.32163,0.001583154684337873,0.6508821670533154,0.14199429594798488,0.9148236223388199,0.5642011695430924
XRP/USDT:USDT,-0.0019422275490469376,-0.015035103987283027,29051326775.9031,0.00646551277214595,0.64288496969365,0.11731330474287066,0.9583079567696491,0.564069216977416
SPCX/USDT:USDT,0.005053112727261944,0.008484200681408316,17624815741.2907,0.004695091891720819,0.6765703313377048,0.0709147198595084,0.9425398438489739,0.5613660260220632
INTC/USDT:USDT,0.009387879820328626,0.03190848886213127,2967923147.7043,0.006986327627461689,0.7043438231495351,0.01139882099327932,0.9629465529024578,0.5611110049408891
CL/USDT:USDT,0.00027515425830326734,0.004101086233651019,21685680419.75,0.004282832140372251,0.6626694075929578,0.08740430044211997,0.9388680851255043,0.559139544830843
UNI/USDT:USDT,-0.0010167339647820794,-0.002039660056657122,10129689808.264,0.011162884750456807,0.6550472731895631,0.040479949721746435,0.9998552728875638,0.5568790760737183
GOOGL/USDT:USDT,0.006645573852355868,0.012592850510677822,2003935665.0967999,0.009829631704074618,0.6832677014083605,0.00748444547631033,0.9882702147749289,0.5567833529703876
PUMP/USDT:USDT,0.012986538657752567,0.0250434782608695,4420440925.294751,0.018686562674349042,0.7068878026304926,0.017296926652476223,0.9328462331759241,0.5565001474734456
ASTER/USDT:USDT,0.0097335175873845,-0.0037893636482425608,1464627975.1583,0.011146634999893146,0.6772712084945873,0.005294528225623465,1.0,0.5563604022902513
DOGE/USDT:USDT,0.000599728034556879,-0.0005306165764618065,12103541911.27317,0.007313536471501632,0.6597705824492999,0.04849498983952642,0.9658608124768402,0.552910462173253
SUI/USDT:USDT,0.0015602859428685,-0.0019834425664021493,9375310489.91861,0.013904494733310317,0.660745562850063,0.03741671084415068,0.9754373413820883,0.5524198518812957
BZ/USDT:USDT,0.0039354737943060325,0.010091648645865536,10020301799.798801,0.004405830818185858,0.675371233412447,0.040035767873007104,0.939963563077839,0.550918676166963
1000PEPE/USDT:USDT,0.0010300912181679944,-0.017173903034209737,7249617235.063684,0.011313520165429688,0.6477393245072615,0.028785103293725516,0.9985136505313167,0.5497466396492144
FET/USDT:USDT,0.0015162460549642542,0.021295876755776932,1222954267.7573,0.014454486090751792,0.6787981160802363,0.004313185977499297,0.9705388870510198,0.5493878297921111
ENA/USDT:USDT,0.01366982080081569,-0.0019325165230162922,6970692698.635461,0.019350048517096888,0.6873558379544673,0.02765250002223562,0.9269369492280274,0.5493401143931879
SKHYNIX/USDT:USDT,-0.002234371295666282,-0.008461007277224986,12950137550.925198,0.00718484130837278,0.6473692950039254,0.051932683071458034,0.9647145992306017,0.5480746374808543
SNXX/USDT:USDT,0.0052441774888825066,0.003026634382566673,5526641296.6394,0.01636067736767824,0.6727346971435355,0.02178877299755636,0.9535615458801652,0.5476576320838992
HBAR/USDT:USDT,-9.887457614210504e-06,0.008593012275731837,2450231456.39019,0.013276981425735562,0.6655459996931203,0.009296677844763656,0.9810262388032988,0.5475412629161579
XLM/USDT:USDT,0.002768790046149272,-0.005932501318333672,2365467216.96629,0.009915645127432059,0.6603184529615858,0.008952483475540183,0.989036286496738,0.5470881204995601
PHA/USDT:USDT,0.03075210881716406,-0.020594401282525432,1366349084.19177,0.0219329719568261,0.7102882466099396,0.0048954561509595195,0.9039323468120588,0.5470814345227755
MU/USDT:USDT,-0.00041938211313252705,-0.009875735775016325,7816474261.5675,0.013967539876453905,0.650248758372007,0.03108688760752851,0.9748758348232922,0.5456569662554848
TRUMP/USDT:USDT,-0.0002558109573066458,-0.009722897423432242,2727217514.6111803,0.010990320761060672,0.6507268208105574,0.010421409715668507,0.9986077996502007,0.5456054421920016
ARB/USDT:USDT,-0.0016910687507876165,-0.002705760810744251,4379808986.428961,0.012825684447493324,0.653048347140917,0.017131936266633226,0.98504567948679,0.5452727569651001
TAO/USDT:USDT,-0.003200069305707598,-0.007994714238520051,4573822335.39904,0.011674768423827983,0.645613908579012,0.01791974847050067,0.995296221617208,0.5447262388060077
ADA/USDT:USDT,-0.0020090316063908764,-0.012934518997574806,4746878233.7929,0.010288185602060525,0.6443760618547043,0.018622460677829,0.9923542886375922,0.5436445381973637
BNB/USDT:USDT,0.0025209823760610206,0.0029532446488775843,8068486807.250299,0.0036368771569103516,0.666702283951141,0.032110211827591474,0.9331149383831013,0.5429278259220662
SKHY/USDT:USDT,-0.0019073643018238107,-0.008976081698468197,5952520855.1959,0.007614024205274363,0.6476852432651985,0.023518103043089624,0.9685370826054823,0.5406480610336368
XAG/USDT:USDT,-0.003987757169360395,-0.007221401608403011,13352062752.95164,0.003305261573409992,0.6444884702746928,0.05356474385943582,0.9301614305338075,0.5386295924148944
SOXS/USDT:USDT,-0.0029668156147146796,-0.0062611806797853164,3021901778.3568,0.013954022844388765,0.6474772200580783,0.011618007065793592,0.9749962231955217,0.5385992069447537
LINK/USDT:USDT,-0.0066239579272940885,-0.0022980501392757535,4871995646.29922,0.00775079801121996,0.6425425330272807,0.019130513474257954,0.9697552476421616,0.5373221058150941
DRAM/USDT:USDT,-0.002529089079620239,-0.006088530524930191,1634488672.5944,0.008185533036659408,0.6485722762061414,0.005984265973608176,0.9736271806087766,0.5370595992370403
AMD/USDT:USDT,0.0002673131723345268,0.004620798526606462,1359511521.4458,0.005048537616331588,0.6630573845065579,0.004867691487318694,0.9456877801157751,0.5362580755030905
BCH/USDT:USDT,-0.002603135665219858,-0.015500371363063925,4405793465.64155,0.007766044410293946,0.6410720793719417,0.017237449057085467,0.969891038484266,0.5361264300555659
NVDA/USDT:USDT,0.0012777006040662897,0.0017933689091067517,2700071219.0525,0.00357454109155664,0.6630700221034729,0.010311179244185748,0.9325597471693082,0.5346148005121456
MSTR/USDT:USDT,-0.004368689423719374,-0.01698064846853775,4540071731.3943,0.007848640008652132,0.6360440621035758,0.01778270048970976,0.9706266696192478,0.534211305498334
LTC/USDT:USDT,-0.004827539263821734,-0.0037274489339496064,3320724689.64212,0.006337030467663335,0.6453698118635738,0.012831409842228723,0.9571636393320329,0.5335567481242851
CRV/USDT:USDT,0.0018962160029500907,-0.03861288735858337,905126414.5884199,0.012146965540414986,0.6329253532225505,0.003022611577414862,0.9910906355119576,0.5334958513013617
AAVE/USDT:USDT,-0.0061451935144132275,-0.01412833758635701,2940509689.298,0.008668396726017031,0.6343698201679578,0.011287505678135586,0.9779277676970043,0.5333346127032728
TSLA/USDT:USDT,-0.0013480762056108375,0.00022594402236841837,1730294258.5401,0.0042916409673120276,0.6560865727041572,0.006373294925519796,0.9389465402428274,0.5318875812552335
QQQ/USDT:USDT,0.0014073568092165534,0.002720812182741117,2304232113.3603,0.0021278697134652362,0.6640775717121992,0.00870383170914381,0.9196750834709359,0.5313648276509667
ONDO/USDT:USDT,-0.007705101002374981,-0.016679904686259128,4412585880.15087,0.014793996926737144,0.6289578225054966,0.017265030391424446,0.9675150607627057,0.5300892944355773
FIL/USDT:USDT,-0.008783015073526301,-0.03564116880699797,3573414485.42682,0.010948607235598375,0.6118099658579883,0.013857484109637294,0.9982362814495958,0.5290308002313848
AVAX/USDT:USDT,-0.007935919872209762,-0.023461986209366903,4921626552.435,0.00781140881076533,0.6231638693790701,0.019332045140766103,0.9702950729130961,0.5287971229910855
EWY/USDT:USDT,-0.004130447087222655,-0.006661972593836274,1390041066.8804002,0.0050265346891262865,0.6446115279968452,0.004991660011132035,0.9454918127926405,0.52794563880008
KORU/USDT:USDT,-0.012579556387657398,-0.017996108949416167,6955334174.814099,0.015096216417011345,0.6172362124397798,0.02759013507382311,0.9648233668823623,0.5272391778406385
META/USDT:USDT,-0.0018950976855919288,-0.014143637401157538,1583750334.8728,0.004420853760238395,0.6436833927637472,0.005778237461275304,0.9400973637177344,0.5264153389115024
SAMSUNG/USDT:USDT,-0.009397917337777728,-0.013338048805133229,2462001244.6782007,0.006669274458747825,0.6278488695493889,0.009344470344091424,0.9601227440435509,0.5253660184113402
SPY/USDT:USDT,-0.0003157945324410161,-0.0024802882356012024,1188656939.9281,0.0014946842950576645,0.6562417390678744,0.0041739179654407405,0.914035667845213,0.5250698749314789
CRCL/USDT:USDT,-0.009013138618414573,-0.02783700544894585,4896459613.601299,0.006892251684042349,0.6173893681466829,0.019229852061514466,0.9621086729862431,0.5241213395310225
ZRO/USDT:USDT,-0.000866891371269829,-0.029209132836075735,908401867.2136099,0.016762286226612185,0.6341940022635464,0.003035911907340677,0.9499846484838278,0.5237942367117551
PAXG/USDT:USDT,-0.0011195809648504307,-0.006599841680098528,1421974361.7750602,0.0014465932281754234,0.6512663672099243,0.005121328611572465,0.9136073485786141,0.5230081009725912
PENGU/USDT:USDT,-0.005236530782019688,-0.03588709677419355,2043623358.2699542,0.016028114188811466,0.6193998799477103,0.0076456016503114255,0.9565234934123084,0.5201544998246401
LIT/USDT:USDT,-0.01617234458124206,0.04407756405264385,1987646020.01087,0.024779702020315347,0.6577472758324104,0.0074182996092167,0.8785781716596508,0.5178563069222624
XPL/USDT:USDT,-0.015704235748552953,-0.03243131584383396,1793815490.12305,0.014862637094826174,0.5991260082915332,0.006631229762021461,0.9669037225587289,0.5133220032994786
GRASS/USDT:USDT,-0.0033588824185516453,-0.029068950990029374,605103645.2505,0.022380901865803268,0.6288353999549656,0.0018043366474822277,0.8999428946634807,0.5085029546398494
QNT/USDT:USDT,0.022628209049960102,-0.024847780945341902,8247919706.468999,0.040351831902796134,0.6891468500652654,0.03283881853702778,0.7398862339869459,0.5049392865872142
MUU/USDT:USDT,-0.0008551161018630626,-0.018438177874186557,1140973662.1295,0.027148417118514578,0.6426171662593929,0.003980294854610713,0.8574813988197683,0.5047421629780521
0G/USDT:USDT,-0.010948455620188424,-0.08585564610011653,514895949.4717,0.012812704711603357,0.5679100262981642,0.0014380385345195996,0.9851612824733207,0.5022812440128599
PONS/USDT:USDT,-0.010885244712638742,-0.06330472103004292,2342617419.9463,0.017831889427284402,0.5856300319257781,0.008859699401434962,0.9404583125515126,0.5013060023249089
AKE/USDT:USDT,-0.003263524907080817,-0.06814209107338598,5216937093.791787,0.023183891431526292,0.5985821586815007,0.020531185558920816,0.8927911318897587,0.49871911004679115
MARSCOIN/USDT:USDT,-0.022034693664007787,-0.0429075511644319,2079673099.22783,0.022186829914125,0.5770682507063136,0.0077919855255635054,0.901671381083085,0.48743615374628146
ARK/USDT:USDT,-0.036344980398688054,-0.2077212162623847,1015467681.0022998,0.08055804197788206,0.41717564341733576,0.0034706642332372663,0.3817928181297474,0.2842184433402091
龙虾/USDT:USDT,-0.16214607507578704,-0.3887624715561001,3808587541.03846,0.1137251448425382,0.0,0.014812429757527836,0.08639265142138586,0.026041891782604815
